{
  "version": 1,
  "author": "Anonymous maker",
  "editor": "wokwi",
  "parts": [
    { "type": "wokwi-esp32-devkit-v1", "id": "esp", "top": -67.33, "left": 7.33, "attrs": {} },
    {
      "type": "wokwi-led",
      "id": "led2",
      "top": -57.96,
      "left": -192.64,
      "attrs": { "color": "red" }
    }
  ],
  "connections": [
    [ "esp:TX0", "$serialMonitor:RX", "", [] ],
    [ "esp:RX0", "$serialMonitor:TX", "", [] ],
    [ "esp:GND.2", "led2:C", "black", [ "h0" ] ],
    [ "esp:D26", "led2:A", "green", [ "h0" ] ]
  ],
  "dependencies": {}
}